Name,baseMean,log2FoldChange,lfcSE,stat,pvalue,padj
ENSG00000162493.16_4,842.3156398467006,1.9975083042777397,0.42760531116442246,4.671383287635685,2.991780763065485e-06,0.00018496431026909728
ENSG00000234593.3_6,41.25954710829699,2.2655700413894566,0.7325205875881966,3.0928414569872804,0.00198250017255641,0.04910979417263888
ENSG00000219481.10_3,3439.2712281477793,0.6447782161095839,0.20273963111038804,3.1803264738038015,0.001471092146306831,0.038673819748990666
ENSG00000207513.1,13165.020906783533,2.9766605322353943,0.8005588660827647,3.718228175774967,0.00020062501724921867,0.007476933114111685
ENSG00000207389.1,7155.003062477543,2.6594097961183842,0.7170734853607484,3.7086991088235215,0.00020832680910630425,0.007689143270365064
ENSG00000088280.19_4,702.1278588038095,1.0666186611751802,0.24107634996110652,4.42440190150241,9.670983562956682e-06,0.0005314669893609019
ENSG00000162520.14_5,60.574879376912484,2.2008092577059903,0.5029662140868585,4.375660225412132,1.2106547381763979e-05,0.0006542243687912123
ENSG00000142920.17_3,468.8019432045772,0.9770582532529278,0.30127865378313523,3.2430384329725155,0.001182622572167583,0.03216226400598531
ENSG00000163873.10_4,46.11097855931953,6.2399979003618995,0.5495699247647756,11.354329302195193,7.057942907770734e-30,3.677818428422461e-27
ENSG00000169218.14_3,6.368102308112864,3.788629082879761,0.7432444009349874,5.0974202807498274,3.4431333564838293e-07,2.5436474550773323e-05
ENSG00000215895.4_5,20.86214694002792,2.034987598583887,0.5904166863233368,3.446697299929364,0.0005674840259075233,0.01792180883117688
ENSG00000183682.8_4,627.1402415632659,1.227055189257948,0.28382518066609147,4.32327810512883,1.5372774828702326e-05,0.0008062562915949552
ENSG00000044012.4_3,21.728659104188797,2.725925338021525,0.7110513651367679,3.83365460172797,0.00012625338824756382,0.0049830668566951015
ENSG00000197273.4_3,326.0040631548607,3.1445915773793973,0.6481158646175613,4.851897244075255,1.2228598030011951e-06,8.222182468059417e-05
ENSG00000142959.5_3,56.49517639563586,1.6330609744009112,0.5000288654907896,3.2659334032606795,0.0010910390510842027,0.03020646162209499
ENSG00000261664.5_6,15.371231999324019,1.531519649502845,0.407437888005685,3.7589033680674184,0.00017065972962957804,0.0065098321180662964
ENSG00000174332.5_2,20.98185637566665,2.6528439872572767,0.6511128478586172,4.074322901140658,4.6148415246064414e-05,0.0021240645193933844
ENSG00000132854.19_3,118.1060879132515,2.8287022127600583,0.5716235522331957,4.9485403491668585,7.477209133741366e-07,5.170436960466986e-05
ENSG00000050628.20_3,139.63409532664883,2.289968912117448,0.5297130690267248,4.3230364625984254,1.538962867682362e-05,0.0008062562915949552
ENSG00000172260.15_4,147.24053613077677,3.276416435145145,0.3021065394559494,10.845235065237256,2.1009509370902992e-27,9.579351452380003e-25
ENSG00000122420.10_5,68.67802786838942,1.6704839885654665,0.4500847227279801,3.711487869307364,0.00020604454394850482,0.007669114587960866
ENSG00000171517.6_3,31.80590016043539,2.342991629904193,0.5028350836434851,4.65956275947801,3.1688177240344988e-06,0.0001950828481119213
ENSG00000016490.15_2,1694.3989282913562,4.4958803730087835,0.6966856040490584,6.453241385898075,1.0948276060160983e-10,1.2934479502492212e-08
ENSG00000016602.9_3,214.5370250103762,2.690370116411417,0.7913886940208881,3.399555915743733,0.0006749537762233859,0.020710647890614744
ENSG00000117600.12_3,75.36863115166504,1.978927665173731,0.42161727377907127,4.693658889817439,2.6836137340597976e-06,0.00016697341657483786
ENSG00000134245.18_3,537.942168055827,1.703383284707832,0.34329221031938945,4.961904853952416,6.980518997452842e-07,4.8731704513079275e-05
ENSG00000116748.21_5,37.26416332285393,2.8299551141126646,0.7420411796400139,3.8137440235938915,0.00013687724209311198,0.005339859360319654
ENSG00000206585.1,660.7008955533191,2.9090040735877243,0.6824996180976681,4.262279415915271,2.0235220451775956e-05,0.0010359367859706565
ENSG00000143387.13_3,2350.5372467778493,1.5441846360204436,0.40172882832131485,3.8438482059479147,0.00012111993945581295,0.004815260154305283
ENSG00000143416.21_6,12964.026798826135,1.8163672143268028,0.4640597713354196,3.914080311464757,9.074942968895498e-05,0.0037939242231424
ENSG00000232536.1_7,56.1170907614336,1.5707684251436391,0.4895718327089444,3.2084534284828385,0.0013345092029183794,0.03553130752770185
ENSG00000223861.1_5,104.42572440331955,1.2946517705014222,0.37292955631006103,3.4715719057274796,0.0005174207390632364,0.016519534558648033
ENSG00000162706.13_4,28.210522365885947,2.1165566634745776,0.619503082129273,3.416539359578055,0.0006342249493309825,0.019688636432369573
ENSG00000225670.4_6,13.454368591442487,2.834258695235517,0.7870897665267037,3.600934500447934,0.00031707545679668955,0.010975775687762986
ENSG00000213088.12_6,160.80180256692307,2.2903794305203617,0.5685773367667688,4.028263672176365,5.619030506887298e-05,0.002507170171582236
ENSG00000179914.5_3,1335.6373854022195,5.192287621592428,0.9261843351507982,5.606106068234285,2.069291789436968e-08,1.8466056179682006e-06
ENSG00000143248.13_5,2707.951218796722,1.0056389123566425,0.2827356947949593,3.556816245242521,0.0003753765295001856,0.012648801971529925
ENSG00000007908.16_5,439.6903482149455,2.4735560963903245,0.5452437572135084,4.536605992577593,5.716676467050798e-06,0.0003323700842604777
ENSG00000162670.11_4,32.88921469312172,8.180850638244168,1.5463329983492806,5.290484421516758,1.2199281320807222e-07,9.699924474726855e-06
ENSG00000162892.15_3,31.12769519487079,3.5871062235316598,0.7049157317075738,5.088702184078549,3.605222728209043e-07,2.630100110796702e-05
ENSG00000117322.17_4,121.51388993000938,3.04650859982314,0.6706678495440405,4.542499840859132,5.559103854213786e-06,0.0003257433927104668
ENSG00000143469.19_6,17.637217973690433,3.8108256319213694,0.9350812769556414,4.075395076167426,4.593629116646308e-05,0.0021176412520198407
ENSG00000082497.12_3,172.13511601834836,2.2441061752370812,0.5021034004788003,4.469410430395664,7.843549599394565e-06,0.0004401588862691015
ENSG00000143473.13_6,27.171519136768364,2.4734282954575013,0.4504335096540721,5.491217332735894,3.991727878856728e-08,3.405924305056087e-06
ENSG00000197520.10_2,29.14760946213598,3.203599085242454,0.7506184111977175,4.267946319263152,1.972807840098597e-05,0.0010135300278506542
ENSG00000287684.1_1,13.581465054941736,3.6977507871555337,0.9509852821070464,3.888336503970522,0.00010093362596569837,0.004136719296776748
ENSG00000244137.1_7,18.508147675165457,2.775603207935977,0.780293556169921,3.55712691203046,0.00037493304560683226,0.012648463819483204
ENSG00000155816.20_4,17.253971010385886,3.359533875007236,0.8682875035364241,3.8691491715869266,0.00010921580947874226,0.004426425744998858
ENSG00000172554.12_3,6.90120774863903,5.89963187979586,0.9531499027788503,6.189615990722806,6.031095979441723e-10,6.353552771699961e-08
ENSG00000115705.21_5,47.442542929386235,2.3962160292485084,0.5258945765812872,4.556457008599948,5.202368106537811e-06,0.0003060691607195159
ENSG00000228203.7_5,36.36752121126718,2.102750227860084,0.5238848612381742,4.013764060466158,5.975808099215464e-05,0.002630166759324381
ENSG00000151692.15_3,1002.2975632736503,1.1695096781003034,0.35292747121733786,3.31373943225888,0.0009205725203644433,0.02649233404019213
ENSG00000287284.1_1,4.226446806537129,2.965929633159106,0.9257247861515285,3.203899990070725,0.0013557956384424687,0.03603230648942594
ENSG00000158125.10_3,1912.1837582397818,1.2526765011110546,0.3625514304785647,3.4551691037531764,0.0005499477784975026,0.017443506656886546
ENSG00000152527.14_6,401.0087823308611,1.3942664545168757,0.3579480054893126,3.8951647533583054,9.813200474274556e-05,0.004049884499099077
ENSG00000179915.23_6,44.72899541450081,4.430748256165251,0.8654325030250418,5.1196924551342455,3.060343181292053e-07,2.289842932648292e-05
ENSG00000233251.8_5,43.873329115632394,1.9213359774233465,0.6185479075566601,3.1062039883262376,0.0018950593695082523,0.047345657073305056
ENSG00000055813.6_4,51.16925762119144,1.865405123324641,0.49011009996443167,3.806094025526137,0.0001411787291541758,0.005478372999265963
ENSG00000143995.20_6,526.4048816864156,1.191306785515873,0.36387541916610844,3.273941362255206,0.0010605861731822763,0.0296446026050115
ENSG00000003137.8_5,129.4537831186917,1.9036811590372622,0.4170089229504195,4.565084952063726,4.992921084602079e-06,0.00029434026296923897
ENSG00000163017.13_3,1468.4843174620194,2.2327531662897857,0.4603898675010919,4.849700925019794,1.2364776424432614e-06,8.256671415134282e-05
ENSG00000172023.7_3,300.8302639137701,5.653453118411585,1.3513690866699635,4.18350040279728,2.8705458116784688e-05,0.0014149560359896856
ENSG00000115386.6_3,1561.7847084797106,3.4063187961534447,1.0018134491031376,3.40015279212204,0.0006734820823818966,0.020709041776592337
ENSG00000172016.15_2,1079.0356641278383,5.063376189733883,1.0068917443484307,5.028719540262436,4.937659648790931e-07,3.531515838513925e-05
ENSG00000211611.2_2,18.580130691838075,2.2281325917456516,0.6166200407418122,3.6134611989988876,0.00030213658668710005,0.01058421096772661
ENSG00000241294.1_2,122.53559274891329,2.7651368769514395,0.7188468442854707,3.8466286649696126,0.00011975425589000393,0.004767461038371357
ENSG00000225523.2_3,21.40470117934428,3.024615854852252,0.7588144784027058,3.985975414200092,6.720347084604035e-05,0.002905280715197487
ENSG00000144191.11_3,12.807344283367886,5.611661709469922,0.9505388650839859,5.903663611875667,3.5551670270051777e-09,3.435209570034374e-07
ENSG00000125538.11_5,666.1748711122457,1.4606965882609764,0.38955299942366006,3.749673575667657,0.0001770649029632011,0.006701596541334852
ENSG00000280228.1_5,58.888645409639466,1.6584585426048803,0.5311580207210324,3.1223449103782124,0.0017941660750615143,0.0452511324428436
ENSG00000180152.3_4,15.81981791374273,2.1529890169737946,0.6586716266785938,3.2686834072850837,0.001080491251767544,0.03004884489233933
ENSG00000186684.13_3,33.17524558813421,2.2743471859598983,0.6758808142978526,3.365012200150455,0.0007654027458630834,0.02295500259715379
ENSG00000196834.12_4,6.894863685851783,3.6128629455402983,0.9963512562186458,3.6260936321311448,0.0002877410573921284,0.010153049329818259
ENSG00000222038.3_2,5.169272514965259,5.089646374372459,1.390005760694221,3.6616009215893457,0.00025064408749056504,0.0090408468690509
ENSG00000153253.18_6,57.429888705042025,1.8684132858365678,0.4570853721495705,4.087668080581615,4.3573096737766104e-05,0.002027921109895937
ENSG00000136546.16_5,63.24609343284553,2.1442060116104633,0.6428109874552508,3.335671065765241,0.0008509378239772899,0.024955996624604317
ENSG00000228222.1_6,5.578756246377859,3.380833907933173,1.02070235441452,3.3122622802927073,0.0009254473900997425,0.026580197136319473
ENSG00000214211.2_4,23.758912400910027,3.215484922219267,0.9116526242953273,3.5270944617800164,0.00042014683945883663,0.013932164684373083
ENSG00000172318.5_2,185.0952300541381,2.7991711734706644,0.6456472505539712,4.335449691869592,1.4546244075315085e-05,0.0007676060696911327
ENSG00000128656.14_4,226.13119859897859,1.5284798032725218,0.34077157448517686,4.48535006354824,7.279432105382515e-06,0.0004132706386520762
ENSG00000138395.15_5,9.87557777462373,1.9563030891173834,0.5417752226852256,3.610912805169029,0.00030512123824053314,0.010663165093529338
ENSG00000175084.11_3,1384.7783176191344,3.35760398177279,0.6199288882091445,5.416111501872841,6.090912564357568e-08,5.03509687083621e-06
ENSG00000116106.12_5,678.9862939259112,1.5775745100157916,0.44713243651870993,3.528204131864138,0.00041838937436638335,0.01388967045891403
ENSG00000171951.5_5,49.51259547451374,1.7262955334026948,0.5295614043172958,3.2598590443505118,0.001114675957641403,0.030739693074546853
ENSG00000156966.7_3,3170.712581792209,3.1176066752226554,0.6259637844272071,4.980490489678161,6.342331945805201e-07,4.4596527351937724e-05
ENSG00000242366.3_3,51.54687931753311,1.7646523343519724,0.5615815252141391,3.1422905760282713,0.0016763158409448943,0.04290927417071312
ENSG00000162804.14_5,815.1627442219396,1.180856602052833,0.33863275821903477,3.4871304485227332,0.0004882331526769799,0.01574268688206293
ENSG00000146205.13_4,1075.8958052524076,3.770073963144635,0.6423206457977221,5.869457860041909,4.3722246108676054e-09,4.175297104789061e-07
ENSG00000134121.10_5,212.46474625172837,5.839440594416544,0.5316033419193944,10.984582176125526,4.5333137830631295e-28,2.133655314573632e-25
ENSG00000235831.7_6,199.69129790743648,1.0842182254333212,0.27112226547770635,3.999001054092599,6.361039683942601e-05,0.0027871095948517875
ENSG00000157152.17_6,7.3178519389666405,2.541874815285995,0.6588020325059049,3.8583287389345027,0.00011416502347613632,0.004576166964364196
ENSG00000144596.13_4,139.15387737533854,1.4549193630221064,0.39521402526801686,3.6813454735960947,0.0002320063855498404,0.008473314564117514
ENSG00000131386.19_5,133.70484191669428,1.9226544470890687,0.5554532893342452,3.4614151792917145,0.0005373434179829726,0.01709947467847451
ENSG00000092345.13_3,2.637944105578351,4.926491569414731,1.5064514963000675,3.2702623227594656,0.001074477933455335,0.029975469002065137
ENSG00000151789.12_5,43.56838326722915,1.9045162160151514,0.5704265719213627,3.338757887102255,0.0008415387648824067,0.024705173740476368
ENSG00000179796.12_5,6.731874977925882,2.6938456036656366,0.8162327511063436,3.3003400072030025,0.0009656775700039416,0.02741190386214496
ENSG00000249992.1_2,390.21283713694277,1.52790672597974,0.4749505741751185,3.21698047977596,0.0012954741252937318,0.03466156035210019
ENSG00000007402.11_3,306.0325841502229,2.0147652224304875,0.5015121579012781,4.017380617175568,5.8848631710081336e-05,0.002597975676145058
ENSG00000114251.14_3,1075.9434743284464,2.267292510561342,0.33012856357329023,6.86790772061743,6.5150339756925e-12,8.883888151620694e-10
ENSG00000244586.1_6,19.78886151707121,1.6413543121339413,0.5297621451572606,3.09828538550391,0.001946438917171302,0.048380778570677824
ENSG00000244383.2_6,78.9710088463942,2.164151518142365,0.39823187372052504,5.434400561470737,5.4980947220957e-08,4.583997202442133e-06
ENSG00000183662.11_5,7.318150627786425,3.5117641698024813,0.8100126961572902,4.3354433658414635,1.4546662435803996e-05,0.0007676060696911327
ENSG00000113805.8_2,147.47968815305225,2.2909986894945797,0.6484043909847427,3.5332868212308086,0.0004104269383691232,0.013656406486373302
ENSG00000154165.5_3,360.2154580660216,2.746927329522597,0.7088928407618024,3.874954254821713,0.00010664473141119126,0.004328233528942938
ENSG00000144802.11_4,4224.609272864802,0.9653748350028566,0.29054388162815664,3.3226472696415645,0.0008916758909345766,0.025941010072897296
ENSG00000114455.13_3,1177.8748500781599,1.3774851319662207,0.4139255264587168,3.327857413750503,0.0008751664689178557,0.025512720009482466
ENSG00000144857.14_5,315.1453540592765,2.0883336282405205,0.40995649195676065,5.094037219102712,3.505179078808242e-07,2.576439060420738e-05
ENSG00000288079.1_1,27.727108473102493,2.4342587821132207,0.7367304494880886,3.3041376039291523,0.0009526905845140953,0.027152669864019277
ENSG00000185565.12_4,418.94577212415425,1.8149006544908568,0.41236797661927044,4.401167785554094,1.0766982321623383e-05,0.0005883732418114081
ENSG00000114654.7_2,149.84924208883464,1.598962618967372,0.3823557977200064,4.181870991631384,2.8912001382745284e-05,0.001420338572979613
ENSG00000249505.1_5,5.361214396564759,3.0958692947357522,0.8861539191996388,3.4936022147618506,0.00047655051316507154,0.015382987306050833
ENSG00000174640.13_3,1352.6829059114555,2.1655155986303507,0.3529378076622082,6.135686094313066,8.47924413657656e-10,8.83688654105145e-08
ENSG00000163751.4_3,157.88252117762386,2.1574929486457486,0.46706030667297344,4.619302727766124,3.8503175254164016e-06,0.00023407524106078338
ENSG00000174944.9_4,54.35883713118488,1.4719638376383244,0.3607478322271622,4.080312357113297,4.4975223125774254e-05,0.0020832095016400294
ENSG00000113810.16_3,1551.8560474205403,0.7197071250973,0.22898916570744748,3.142974572066807,0.0016724036748907755,0.04284713770594696
ENSG00000090402.8_3,384.7727588901165,3.832033314645473,0.7569146622162033,5.062701921278016,4.1335588403283554e-07,2.9930863652511598e-05
ENSG00000206120.11_4,6.105452487371255,2.0819095127007152,0.6341701178244106,3.2828880677048167,0.0010274945467120696,0.02891351819441167
ENSG00000169760.17_5,13.967702500108972,3.2352461326905777,0.9678106230821928,3.34285040433558,0.0008292258944926506,0.02439278309192544
ENSG00000228221.6_7,108.82748356211043,5.115235209429131,0.5295023414447414,9.66045814919773,4.438743842437159e-22,1.4718975462063493e-19
ENSG00000228561.2_7,2.6343431403796935,4.289476586638872,1.2928389364465482,3.317873917402873,0.0009070541855082102,0.026206681373579288
ENSG00000277241.1_5,7.80125489440442,5.2944322749403545,1.0963074036582734,4.829331861915132,1.3699193241822216e-06,9.044256968090816e-05
ENSG00000157005.4_3,10.194666851075052,4.379673021273006,1.1978348282125106,3.656324660227693,0.00025585727625083434,0.009183482384102826
ENSG00000172061.8_3,633.3892041848904,3.4121273820092437,0.6331516851480656,5.38911521843506,7.080540293581917e-08,5.7875979357706984e-06
ENSG00000215837.7_2,1318.7552540882066,0.885248253832562,0.27214561182613467,3.252847796782112,0.0011425467829072299,0.031305781851658096
ENSG00000145113.22_4,17606.660062161973,1.896615252234074,0.6017562907733459,3.151799626052339,0.0016226758431457898,0.04182977365621669
ENSG00000243894.1_5,15.57930090592378,3.312149431384632,0.8173778778177107,4.052164269759327,5.0746013695263936e-05,0.0022949056635247905
ENSG00000168824.14_4,119.60042155629155,2.313864043655178,0.3599495365702287,6.42830121606151,1.2903785282148442e-10,1.4824620406235183e-08
ENSG00000184985.16_2,196.19605383920623,1.5217314692918344,0.4802491839648794,3.1686289536790104,0.0015315978819676395,0.03995312537053738
ENSG00000248936.1_6,29.652252390245017,1.33749977192697,0.3989623184430155,3.352446359211759,0.0008010076175835591,0.023826914667386175
ENSG00000150471.16_4,338.71380918846654,2.5861565879612844,0.44081266292624777,5.866792870226538,4.44305137572554e-09,4.223214403747458e-07
ENSG00000241261.1_4,3.7577695582750286,3.977195896498348,1.0955113338234201,3.630447055821525,0.00028293073898639733,0.010031837052687802
ENSG00000205682.2_6,6.762557930946034,3.574970003205005,0.8793238766915825,4.065589594423016,4.791118365693076e-05,0.0021913734330609664
ENSG00000173597.9_3,4785.978493268162,1.8833491986481978,0.4523558242934866,4.1634242282382745,3.1351009591616155e-05,0.0015146586273062103
ENSG00000152785.7_3,71.18800073124888,3.4507640001806683,0.8250992324152394,4.182241195497849,2.8864950892766254e-05,0.001420338572979613
ENSG00000286035.1_2,43.00763961290702,1.6764121594658672,0.5259140253654714,3.187616375701113,0.0014345071861418916,0.037781801053738524
ENSG00000145287.10_2,1915.241143377744,1.7546481288336493,0.4729465829110655,3.7100344779604835,0.00020723102341625908,0.007684063810070393
ENSG00000152583.12_4,1468.4468605084023,1.7259931648393911,0.4000159401562308,4.314810965196249,1.597395331567884e-05,0.0008323855923300432
ENSG00000246090.7_7,88.40945042467253,1.1467676585520403,0.3427486850593215,3.3457973977451223,0.0008204632135514478,0.02427070405450174
ENSG00000145362.18_6,345.75192960253133,1.6398874571804156,0.4158578709653394,3.94338443895197,8.033971289296721e-05,0.0033976712491734437
ENSG00000138735.16_4,1134.8085410028855,0.9802568296283525,0.30747361655195693,3.188100626717377,0.0014321068921512952,0.037781801053738524
ENSG00000050730.16_5,67.98496713145236,2.3412537147906503,0.5840871234615636,4.008398098070242,6.113200661518046e-05,0.00268658597144214
ENSG00000196159.11_2,1874.3581360222036,1.7402096299522636,0.510529929415107,3.4086339109363277,0.0006528903223913229,0.020182195442480077
ENSG00000189184.11_2,1121.342798617369,1.9521487387090468,0.33212754321418586,5.877708063044096,4.159856977781886e-09,4.0062305765232085e-07
ENSG00000151612.17_6,2179.7572246355517,0.6763133151851327,0.1932152214320168,3.500310742459258,0.00046471609377377477,0.01516876994677016
ENSG00000151623.15_4,1817.556324230776,1.3810643627249268,0.41663460321169127,3.314809552732255,0.0009170558031989207,0.026417182026799317
ENSG00000234828.8_7,31.62539136690726,3.9363574247214492,0.9255168235837845,4.2531451880897135,2.107888113749704e-05,0.0010716077185946014
ENSG00000287565.1_1,7.0357149634924285,5.343747033388859,1.575965030772766,3.390777668949026,0.0006969461480474393,0.021273625048297412
ENSG00000145423.5_3,1192.5432267497913,3.475389392005309,0.9323082826460732,3.7277255353148573,0.0001932156300023539,0.00721923853917886
ENSG00000248329.6_3,3.7115828342280057,4.5881255663233285,0.9801791354373626,4.68090515339941,2.856110628405489e-06,0.00017695151644904584
ENSG00000038295.8_3,59.21779208278454,2.5705970717213202,0.49313194749164185,5.212797679803314,1.86013735606815e-07,1.4322076038898334e-05
ENSG00000174473.16_3,14.72639744268688,3.4352790055343885,0.8424667468705876,4.077643442064647,4.5494462778375295e-05,0.002103920631276972
ENSG00000249539.1_2,23.772807954745694,3.9684049679723565,0.9823963277140637,4.039515270997023,5.3561780768501024e-05,0.0023972182892724363
ENSG00000078295.16_3,52.01585454403207,3.2824390180885223,0.6173762362555298,5.316756339694832,1.0563337016132045e-07,8.46837190845465e-06
ENSG00000133401.16_4,636.056389733708,1.6356512868224478,0.3721800261989711,4.3947852428491485,1.1088231856982052e-05,0.0006036673392137935
ENSG00000214108.4_4,3.1385843684886874,3.1908950058277554,0.9470995630747255,3.3691230893071333,0.0007540774557512114,0.022685293027088764
ENSG00000168621.15_5,24.946259490968668,1.5608324852467748,0.41511499041463035,3.7600002921787152,0.00016991315854761273,0.006489837538714512
ENSG00000151882.11_3,1441.9621919860167,1.9703217328066225,0.40535728380073516,4.860703906273434,1.1696909343637305e-06,7.919431822660793e-05
ENSG00000070193.4_3,19.057390787746826,5.1364163644595235,0.8116701564920641,6.328206505285924,2.4802706856846257e-10,2.7624724762963e-08
ENSG00000164283.13_6,277.8887522360147,1.8569745235688422,0.26414625731539165,7.030099697197706,2.0638601559418307e-12,2.966773557169387e-10
ENSG00000164326.5_3,5.2898953332226855,5.525224034482037,1.372016518444576,4.027082735669873,5.647316508831738e-05,0.002514936627415981
ENSG00000164220.7_4,328.22733669338766,1.9408806053955017,0.39699410320620476,4.888940640983221,1.0138005668354098e-06,6.928270337429531e-05
ENSG00000113296.14_5,100.29099614125384,3.1164468569022192,0.5918255110893138,5.265820412449082,1.395646679091989e-07,1.0977457073472595e-05
ENSG00000145681.10_6,61.19660560284904,3.6856156240161386,0.7568974682958889,4.869372376570489,1.1195326116002472e-06,7.615170428696228e-05
ENSG00000175426.11_4,422.76264852823317,2.2892823044518034,0.6988112985156122,3.275966357891763,0.001053011033880073,0.029461088187588122
ENSG00000145794.17_3,17.214126375595274,2.154347054552224,0.6724805348917446,3.2035827697214008,0.00135729018956945,0.036039203841516036
ENSG00000138829.12_5,462.3450274345834,3.6214050919129694,0.44607830892409484,8.118316940017793,4.726930278651454e-16,9.660128978303837e-14
ENSG00000113396.13_4,8.605493796707956,5.43734677031976,1.0997188082895217,4.9443064257279445,7.641542773901052e-07,5.2715806072152866e-05
ENSG00000145824.12_3,3658.7076980826228,1.7991321078018396,0.5691309689202758,3.1611917222059707,0.0015712504077848562,0.04071994507066598
ENSG00000226306.6_2,23.85049894342427,2.455306818999067,0.7016273453515984,3.499445731791807,0.00046622649752482145,0.015184102036017649
ENSG00000228672.3_2,491.1518255620719,0.8470611261279599,0.24789965033676825,3.416951677734273,0.0006332651883191236,0.01967977791303551
ENSG00000170624.13_2,344.09798461452243,1.4006951687772913,0.4515844573808489,3.1017346719619248,0.001923903132145469,0.04794314030669251
ENSG00000164330.17_3,233.88658386705737,1.0989131500198568,0.33701021795736436,3.2607710136518233,0.0011110972982251218,0.030703532442715228
ENSG00000253522.6_5,378.8183351656629,1.7698573366553783,0.5079941316446539,3.4840113820318854,0.0004939584810093587,0.015874672284508916
ENSG00000145864.12_3,53.38122981560706,2.7966665947458487,0.7969554142804895,3.5091882740651763,0.0004494766055917786,0.014803811318028996
ENSG00000254042.2_6,29.836157720744588,1.791083137429123,0.5686567743611095,3.14967343779808,0.0016345305629693807,0.042098178603715355
ENSG00000279752.1_6,5.524400775119432,3.1123365306399564,0.9696328526223068,3.209809282165772,0.001328230685385482,0.03539643801847831
ENSG00000283235.2_7,28.813007481921257,3.0394403756638466,0.7188727535014086,4.228064509135539,2.3571021777350453e-05,0.0011838657254472694
ENSG00000137273.6_5,203.4213128126324,1.6686605469257334,0.4001388637583841,4.1702036419369675,3.043275748624288e-05,0.001482568107188737
ENSG00000111863.12_3,477.9208386999107,1.861053432122368,0.5231478690407593,3.5574137681852442,0.000374523986886078,0.012648463819483204
ENSG00000287593.1_1,62.68634492716577,2.167452186924461,0.6630854847014884,3.2687371944210435,0.00108028589172534,0.03004884489233933
ENSG00000204614.9_3,111.77709483682571,1.2919249194055844,0.3958011967873896,3.264075323399188,0.0010982196456747009,0.030376443109415587
ENSG00000255587.9_4,25.21427944680312,1.6959986018554174,0.4833886851585979,3.508560820572304,0.00045053820653425574,0.014822046679679951
ENSG00000112115.7_5,26.540255001954332,3.7469800909281816,1.036361993893483,3.615512835289573,0.0002997536216908925,0.010541206487021854
ENSG00000112116.9_2,10.86224605532247,5.163286296855369,1.052759292651105,4.904526925478808,9.365277500066366e-07,6.430309711280861e-05
ENSG00000112175.8_3,114.54603048078924,2.8354892487574177,0.6269855483390213,4.522415638237681,6.113785662729269e-06,0.0003518863499489207
ENSG00000079841.18_4,11.810611140874407,6.300213389142819,1.0107032123338182,6.2334949689088,4.5614201201541046e-10,4.893632372287387e-08
ENSG00000111799.21_4,18446.43371999445,2.3697261417615287,0.4738668908928461,5.000826576629062,5.708504406870228e-07,4.043200657691265e-05
ENSG00000118402.6_3,19.609385869690733,1.4315583331451958,0.4309549497532649,3.321828265262546,0.0008942971806822877,0.025966652765661527
ENSG00000118432.12_3,38.038828041999906,2.3184837806198986,0.5653942664293071,4.10064961440458,4.119919681976155e-05,0.001939086713544293
ENSG00000135333.14_3,78.62235002365877,2.931545514607327,0.654975715350472,4.4758079511981315,7.6122888942794045e-06,0.000429659965616958
ENSG00000112214.10_3,37.557859888505384,1.8159742435629653,0.5224420327133886,3.4759344192338513,0.0005090767569935269,0.016306661740755336
ENSG00000112218.9_3,201.93635154133622,1.4174540999800418,0.36431011538119623,3.890789852202943,9.991844150715886e-05,0.00410664794594423
ENSG00000112320.12_3,171.25218983075183,1.0099174048279442,0.29869105525523926,3.3811437840511953,0.0007218475955520165,0.02187355626770861
ENSG00000112769.19_5,4327.875389468908,1.0490118429028696,0.30936318266569185,3.390874873551022,0.000696699014075635,0.021273625048297412
ENSG00000196376.11_4,33.993750124608525,2.2887982934232443,0.40101073316615676,5.707573648595816,1.1459803927745175e-08,1.0450266825485372e-06
ENSG00000198523.6_3,156.48634567654156,1.6013049635429228,0.47027965249288495,3.405005840789911,0.0006616263866707818,0.02040900590849903
ENSG00000146352.13_3,10.781442341013525,4.01752022306921,1.0346621965077143,3.8829293624813097,0.00010320555674330185,0.0042179850858911645
ENSG00000227954.7_6,12.455539822862233,1.9357761588655373,0.5947925529995403,3.254540005760687,0.001135761623195683,0.031149116472249275
ENSG00000118526.6_2,113.59472590246601,1.4335926731477977,0.41948048974282587,3.417543147302754,0.0006318907720659011,0.01965800066061307
ENSG00000146469.13_3,52.16549208322515,3.929007367478785,0.7078870006797683,5.550331286922695,2.851287597989643e-08,2.476292363004041e-06
ENSG00000207392.1,5.465103818929285,5.377910751919918,1.6677425231688239,3.2246648851415767,0.0012612020595863089,0.03391994221270791
ENSG00000146555.19_4,428.21704879522775,2.1215546466198516,0.4328417817225133,4.901455303545397,9.512929501028518e-07,6.516356708204534e-05
ENSG00000106511.6_3,27.757471267863487,2.4171028294605446,0.6913805569106145,3.4960526519015795,0.0004721955168220051,0.015276205517054246
ENSG00000136244.12_5,66.1009113631016,2.2839481512676008,0.6169512759597666,3.7019911300362467,0.00021391409839003565,0.00786174723566704
ENSG00000154678.17_6,148.70703873897224,3.6319181549847506,0.4222793674874611,8.600747359726483,7.919865347653835e-18,1.7915472148053223e-15
ENSG00000078053.17_4,63.89283075987622,1.7453972345939053,0.39245864132632025,4.447340562295449,8.693994382846157e-06,0.00048323704778254037
ENSG00000002746.15_4,130.12405900374134,1.7797524853307787,0.5623430719039243,3.164887369030924,0.001551429941385682,0.040385617412645486
ENSG00000170419.10_4,14.491774621186503,4.379113482593388,1.3180645307342076,3.3223817047516406,0.0008925250715598809,0.025941010072897296
ENSG00000188175.9_4,487.5309916933662,3.359963403733721,0.7009942209371695,4.793139948060823,1.6419100208590534e-06,0.00010647239181930674
ENSG00000005249.13_3,188.68705265275122,1.584445012691358,0.34833078979839555,4.548679183968756,5.398366699197152e-06,0.0003169612447671471
ENSG00000221866.9_2,306.2803497648867,1.7157791958686726,0.5062120571962304,3.3894475081686175,0.0007003361579442183,0.021354517214324218
ENSG00000106018.14_3,28.883197626844495,2.924437044873427,0.49975078653694216,5.85179077983752,4.863081416534838e-09,4.6074538576591915e-07
ENSG00000183117.19_7,21.499522741301575,2.981684665671328,0.923239962679617,3.229587957844967,0.0012396874153164051,0.03349566524661854
ENSG00000283674.3_2,162.12212483396056,1.2529052109658685,0.38866717136878365,3.2235941269582034,0.0012659268623616345,0.034015664613789
ENSG00000036565.15_5,89.69784414981338,2.293020335442523,0.6688620368692603,3.4282411155751245,0.000607505640185437,0.018960023621659078
ENSG00000253891.2_6,3.2019399742920767,3.3380489221749956,0.9526768417384452,3.5038627747933093,0.0004585615911747407,0.015052065007952876
ENSG00000253535.5_7,11.44346879312318,2.045791015452763,0.6050069343309813,3.381433995818586,0.0007210855414347326,0.021873177946576852
ENSG00000134028.14_2,954.7498715938564,1.4713297450300817,0.4683219186309883,3.141705921711104,0.0016796664865242191,0.0429573599853315
ENSG00000104756.16_3,944.8763010439303,0.6983088720730363,0.14683775397741247,4.7556493691701025,1.978095383292218e-06,0.00012658509074528555
ENSG00000168077.14_3,249.2814228316621,1.60623883050072,0.38138796131939035,4.211561437188595,2.5361155670530438e-05,0.001262907651231653
ENSG00000168079.17_4,159.1222723881952,4.176200315907394,0.6666611425131203,6.264352381727729,3.743780178521075e-10,4.1070394507302064e-08
ENSG00000157168.20_5,287.7924485447227,3.5328285913046407,0.5150589536511575,6.859076162565611,6.930728316899035e-12,9.363221435899572e-10
ENSG00000156687.11_5,11.523071526121287,5.866390271466712,1.0791896800926333,5.435921395174169,5.4513984943392576e-08,4.558087663705269e-06
ENSG00000206579.8_3,21.540251634796164,2.875351563410669,0.751037344417325,3.828506777704169,0.00012892308131126843,0.00507706401584902
ENSG00000181195.11_4,4.276436758674225,4.803867175367198,1.4918650028758238,3.2200414689713392,0.0012817205437769636,0.03434516729839814
ENSG00000198846.6_4,304.3260053092659,1.7153585050126712,0.37159067435498794,4.616258220124101,3.907207435372022e-06,0.0002366088641979839
ENSG00000178538.10_3,199.99385613696205,2.258997946480647,0.6520125306205974,3.4646541905114794,0.0005309136900752648,0.01691331046952653
ENSG00000255397.1_5,24.181664597564126,1.8405681759948855,0.5521938497270318,3.333192097131725,0.0008585564202123817,0.025103742382983477
ENSG00000046889.19_4,357.20404395850034,1.3947309014677494,0.38679480029000435,3.605867763532581,0.0003111115434195697,0.010807792795864838
ENSG00000104321.11_3,272.35497736105503,3.940700844852102,0.4347629663051517,9.064021432971364,1.2572769792499966e-19,3.335327230135832e-17
ENSG00000253516.1_4,23.44526232663421,2.3192978740208154,0.7101271718467793,3.2660317277948616,0.0010906602858979098,0.03020646162209499
ENSG00000147588.7_3,6.583402821453931,2.8942138875220915,0.7598727376312673,3.80881395553702,0.00013963496870451976,0.0054256831181978575
ENSG00000133742.13_5,771.816745820351,4.888472475393185,0.9792597083354162,4.992008181060366,5.975472347383787e-07,4.2118419944204416e-05
ENSG00000104267.10_3,1466.149979417956,2.4542179732154885,0.5423682810540403,4.5250027683144625,6.039471515645909e-06,0.0003482960835930104
ENSG00000248231.1_4,47.772502857565875,3.753121421135099,0.9655921315838863,3.88685998815955,0.00010154928639259594,0.004156114623032738
ENSG00000147655.12_4,14.396974064018712,3.2281060960538737,0.6808908331762464,4.741003900721173,2.126618380563051e-06,0.00013490619774610954
ENSG00000122711.9_3,1441.9431346804242,5.609485347346218,0.8611344992321487,6.514064123952821,7.314424789732811e-11,8.930637229673353e-09
ENSG00000260947.1_6,6.090310765996212,2.3654934264037917,0.6966802993294229,3.3953786674901743,0.0006853374247307453,0.020963135630050186
ENSG00000172014.12_2,37.466808232897286,2.341985392153342,0.5907247165291694,3.964596920734562,7.352007143630834e-05,0.0031584300548959925
ENSG00000224185.1_4,26.737806000721072,3.115375013620276,0.8894103973299669,3.5027418422054795,0.000460495536237669,0.015081616434288911
ENSG00000136928.7_4,7.5698245215333095,2.8344250542903153,0.7944501238970334,3.5677822547078835,0.00036001548133176686,0.012187484641232354
ENSG00000136826.15_5,2897.32538701498,1.0557358525408507,0.337245870822344,3.1304633914910003,0.0017453075124514517,0.0443253424898571
ENSG00000030304.13_3,20.957167604395032,3.1504810242128,0.7718567155612062,4.081691537686667,4.470910999179065e-05,0.002074175737154917
ENSG00000106852.15_4,125.49918797522066,1.2428576298342038,0.39910142441734325,3.114139799547642,0.0018448205682229635,0.04624889089459991
ENSG00000160408.14_3,2506.1897257016567,1.5129823036039245,0.45385192450237144,3.3336474341556284,0.0008571523112314303,0.025087825069252126
ENSG00000184709.7_3,332.27044149209144,2.467150553536187,0.726228846860631,3.3972081447897264,0.0006807716361568124,0.020867223859970526
ENSG00000188833.9_3,675.5855192057747,1.6429432377139166,0.4949619210372394,3.319332594860983,0.000902328884790715,0.026121884114164537
ENSG00000148408.13_5,30.411082959927267,2.9531779538883516,0.671957388497577,4.394888730208524,1.108295084713136e-05,0.0006036673392137935
ENSG00000077943.8_3,328.15464524651856,1.189611233196358,0.27511924584285596,4.323984058446592,1.532363742449757e-05,0.0008062562915949552
ENSG00000185904.12_5,42.53020113887937,1.2308416027420477,0.3373271060864142,3.6488072868556816,0.00026346063948939815,0.009433183952073777
ENSG00000138135.6_2,104.0944513869576,2.1878379536898795,0.3508739751270584,6.23539535212784,4.5063852159453526e-10,4.8524290400923e-08
ENSG00000186188.10_2,484.28650997406135,1.6116287160133622,0.47902609020667963,3.364386092870249,0.0007671414331109359,0.022983525831221995
ENSG00000138193.15_3,2370.879011016071,1.4152312270429885,0.29543686091533006,4.790300108992097,1.6653204954295227e-06,0.0001077510363129244
ENSG00000273450.1_6,4.413266870375841,1.8816007937430939,0.5225955064353284,3.600491719834456,0.00031761594401641456,0.010981458367704968
ENSG00000095587.9_3,36.04560859212391,1.6555423559203548,0.4660358678196057,3.5523925737003275,0.0003817448589112185,0.012818983576396164
ENSG00000172987.12_3,30.857081026221334,6.144965292686586,0.6558685128974521,9.369203082397977,7.308222225716665e-21,2.13261232768638e-18
ENSG00000119919.11_3,107.58473028446815,7.169117845940079,0.5137530306380852,13.954404973603717,2.957597584433539e-44,8.630565511135509e-41
ENSG00000107954.10_3,532.8622104422236,1.8622795443127842,0.477167417601196,3.9027801891310787,9.509405673834754e-05,0.003941675667161534
ENSG00000108018.15_3,33.141480807483084,3.9291821990311306,0.7345156631260463,5.349351138829104,8.827013137926242e-08,7.174960177655312e-06
ENSG00000165646.14_6,30.144409868663566,2.2507359357061447,0.6786149720766547,3.316661182435431,0.0009110002180453346,0.02629046636919024
ENSG00000187908.19_5,10314.4973426055,2.852361571386444,0.8261493036090641,3.4525981670937638,0.0005552154116485424,0.01759146680490349
ENSG00000273599.1_6,795.6170428521366,0.9455579871827645,0.2921080960407069,3.23701396845569,0.0012078749922817464,0.032727019637672834
ENSG00000108001.13_2,30.628003970650962,2.2982727476838627,0.5450250933686522,4.216820061400957,2.4777152672830124e-05,0.0012380515276470133
ENSG00000215182.6,1046.6938659913071,3.5792181389288946,0.7210471050395796,4.963917216937477,6.908539957941866e-07,4.834486918769822e-05
ENSG00000167332.8_5,26.690494191334185,2.14714684149885,0.4537608894195143,4.731890499081234,2.224384039230155e-06,0.00014049729577656958
ENSG00000175356.13_5,80.83879595477636,1.091924899946736,0.3301850818649538,3.307008583729215,0.0009429800244327465,0.02697945295546077
ENSG00000262655.4_4,1518.9343300272542,1.862971202256206,0.5366245470689844,3.4716473788455233,0.0005172753077770456,0.016519534558648033
ENSG00000254645.2_6,31.428665267745647,4.33849958854181,0.8675115722572615,5.00108555007866,5.70084071482502e-07,4.043200657691265e-05
ENSG00000129167.9_3,101.63384434690694,2.2768530705051844,0.5966129316719296,3.816298557466064,0.00013546857538816083,0.00530252505457378
ENSG00000110786.18_3,18.56377599984824,1.5814040995734961,0.4901091770190913,3.226636377616523,0.0012525452581170974,0.03372950797405806
ENSG00000165973.18_5,19.921397564054946,4.831463870329872,0.9132101635868087,5.290637427154082,1.2189079242475232e-07,9.699924474726855e-06
ENSG00000187398.12_7,31.45090557194357,2.331945333706189,0.5399828438843975,4.318554487641138,1.5705445070980673e-05,0.0008213272269109086
ENSG00000071203.9_6,429.27118261337336,4.980093943584825,0.8485094253357294,5.869226427996782,4.378331496746008e-09,4.175297104789061e-07
ENSG00000183134.5_4,66.65184966166142,1.2334934674413478,0.39529820231657936,3.1204125397299163,0.0018059791891565178,0.045431274757565816
ENSG00000256443.1_7,134.01128375731466,1.4501216406722433,0.3790383150888562,3.8257917021721086,0.0001303524776850939,0.0051195365428381235
ENSG00000177363.5_3,53.65404689485347,3.1129101292236934,0.44511626226462003,6.993476520911921,2.681567571130458e-12,3.7802330093312996e-10
ENSG00000172935.9_3,136.89225968556758,1.4906266885774888,0.43457295047338096,3.430095423458241,0.000603369018341284,0.01885425659752631
ENSG00000054938.15_6,124.86543089161763,2.576168529036233,0.5354981075730489,4.810789230818729,1.5033548386275916e-06,9.792276237944587e-05
ENSG00000207445.1,215.21997423658814,2.778335535383776,0.7160002248263782,3.8803556745495307,0.00010430382359864883,0.004250963514570072
ENSG00000254988.1_6,11.104340657264009,2.138904762433255,0.5702967771272263,3.750511747949246,0.00017647403623568235,0.006696604488157928
ENSG00000198488.10_5,768.903116275266,5.400013762365567,0.8405506956253244,6.4243760554480875,1.3241149691590403e-10,1.5152548594129395e-08
ENSG00000207304.1,37.82135264663884,2.5325974724853575,0.6166741407758461,4.106865044315077,4.010653996612969e-05,0.0018937685157793373
ENSG00000137672.13_4,102.57920281616522,1.6137758843084544,0.3971698469040834,4.063188323302352,4.840694386590612e-05,0.0022071297327359474
ENSG00000196611.5_3,1976.9239933989452,4.952587104277087,0.613128050648464,8.077573842917595,6.606802306377177e-16,1.302656068259408e-13
ENSG00000149968.12_3,1835.0592605107283,6.391624370645399,0.6127812251055856,10.430515996217226,1.7990863104823001e-25,7.094478057592432e-23
ENSG00000137745.12_3,36.43092726190374,2.389854269920654,0.6268006629136398,3.8127819757107164,0.00013741131978580395,0.005353537680466682
ENSG00000137757.11_5,203.92955576495933,1.820597199665408,0.4909272847226648,3.7084864832760354,0.00020850178816680934,0.007689143270365064
ENSG00000152578.13_5,19.900220716640302,3.7058646753683098,0.7662091700103641,4.8366227140275315,1.3206375452169118e-06,8.758528228857889e-05
ENSG00000095110.8_6,2136.977581998402,3.0384621622990027,0.6759801804445776,4.494898297610844,6.96032058493288e-06,0.0003974738062405604
ENSG00000137634.9_3,1874.5178652941809,2.230231436752944,0.7209350788102005,3.0935260362606014,0.001977931967233222,0.04903826060818407
ENSG00000177103.14_4,54.91288451534472,1.9230832596047067,0.5476449950572874,3.511550871388023,0.00044550018977276444,0.014689424901422643
ENSG00000177098.8_2,94.51237998628042,2.0953100216269243,0.3396688036650319,6.16868549309944,6.886003704191699e-10,7.228074607626546e-08
ENSG00000149575.6_3,6.022421857364891,3.0785022621117215,0.8863883406737585,3.4730852391082907,0.0005145119208721564,0.016462688994485084
ENSG00000280032.1_5,26.839649386411164,2.3613587191389898,0.5728529773862773,4.122102550488649,3.754299908166987e-05,0.0017842707755736295
ENSG00000166250.12_4,456.382633546271,2.6550049812448586,0.5172323233632763,5.133099501556336,2.850091313565977e-07,2.149057225353198e-05
ENSG00000134917.10_3,59.84341331449289,2.148178017495821,0.4087029205280169,5.256086779904871,1.4715287472214986e-07,1.1512246748705242e-05
ENSG00000111186.13_3,181.8852785575152,1.2092961431147558,0.3720906371391987,3.250004225885317,0.0011540329358505112,0.031502184378909046
ENSG00000130038.9_5,1459.16911901982,1.191794654112304,0.3798617717556464,3.1374429930236554,0.0017042841239707737,0.04339678448655423
ENSG00000130035.7_4,299.15590835913895,1.4728047693378234,0.4114260610029091,3.579755657061815,0.0003439156356450702,0.011737780308489817
ENSG00000047617.15_4,58.97480549370279,2.6132586705964647,0.42454892938146754,6.1553768947286365,7.489915711668212e-10,7.83380754058029e-08
ENSG00000110799.13_2,7177.097353906263,2.549104725862338,0.45689173526461424,5.5792314220479255,2.4158364979624858e-08,2.123389302621786e-06
ENSG00000197614.11_3,155.03856242994877,3.6877372715730052,0.5772721074344768,6.38821315646466,1.678352861926097e-10,1.8982951497622264e-08
ENSG00000284634.1_4,28.698344107549875,1.2864949201046845,0.3955998851959641,3.2520103474433695,0.0011459185004242443,0.03136871272127568
ENSG00000048540.15_6,71.0013923795628,1.8027839079420842,0.5357224144701479,3.3651455665246224,0.0007650328631282796,0.02295500259715379
ENSG00000174236.3_2,13.556971771078535,3.2486330218179607,0.6733916810901988,4.824284458873225,1.4050676936063086e-06,9.21377086901701e-05
ENSG00000133687.16_6,317.23926170829986,1.6299291086655714,0.37404177152754914,4.35761252549175,1.314889005130622e-05,0.0007027431512585473
ENSG00000110900.15_3,446.209523867991,2.6640796880888185,0.35157620694933606,7.577531230583889,3.5219225809237303e-14,5.906507059421573e-12
ENSG00000226472.8_6,13.179253802205464,1.310830989321935,0.4118060897837663,3.1831267721422822,0.0014569380975190931,0.03833625845239374
ENSG00000174233.11_3,4672.837948813414,0.5702966044489393,0.14592723558285647,3.908088864776231,9.30290909962853e-05,0.0038768561668469817
ENSG00000139567.12_2,2896.5234847021734,1.2449994050460824,0.22969937870282733,5.420125261447901,5.9557290286822894e-08,4.937333204147099e-06
ENSG00000284791.1_3,4.651854898667451,3.503743453083041,0.776685949182217,4.511145665467721,6.447842136271973e-06,0.0003703828373593552
ENSG00000139220.16_4,78.59746927136857,2.0738633664000004,0.5589885707365255,3.7100282098209454,0.00020723615429647373,0.007684063810070393
ENSG00000083782.8_3,16.181725537483505,5.705165104521939,1.6686843055370268,3.4189601266045737,0.0006286093724387169,0.019597703095228843
ENSG00000185046.18_5,31.091054227726783,2.1467827878651033,0.5981512586177576,3.5890299601241544,0.00033191069905228306,0.011421563807835697
ENSG00000120820.12_4,312.9281669981763,1.1367052317355364,0.3487218850535141,3.2596326197339183,0.0011155661206245543,0.030739693074546853
ENSG00000089250.19_5,20.393033745377295,3.9167701575753733,0.8309714843613933,4.713483231720562,2.435177729145638e-06,0.00015281918562193305
ENSG00000171435.13_2,229.65347503702307,1.4860281698610869,0.414776126561387,3.582723485511778,0.00034003049044952237,0.011632391256515254
ENSG00000202538.1,2105.7692536881823,3.3720198013025597,0.7347087030126083,4.5896010044196975,4.4409406866712775e-06,0.00026555551265933306
ENSG00000200795.1,728.4256095535942,3.488187838839573,0.7294190989003175,4.7821449206614055,1.7343456683532904e-06,0.00011196889590313576
ENSG00000139364.10_5,40.95619060956298,1.959754939605923,0.46659107079546586,4.200155258575443,2.667320116463587e-05,0.0013214782397032924
ENSG00000181234.9_3,21.40816174138911,3.5592806385639433,0.8170067964635331,4.356488408628325,1.321656888503647e-05,0.000703782293128192
ENSG00000120693.13_4,644.6101582224512,1.280800382763628,0.3324152465765534,3.853013349881551,0.00011667302657082254,0.004664052851880531
ENSG00000120659.15_3,140.1377788878165,2.0602646963002322,0.3842765500265563,5.361411452657865,8.257419642420309e-08,6.730719625292376e-06
ENSG00000179813.7_3,38.26664447673341,4.380574437389104,0.8589765840300037,5.099760015386045,3.400843943511297e-07,2.5251915296591133e-05
ENSG00000102468.10_2,18.015436435303414,1.9418132636606191,0.6182103931781842,3.1410233232700415,0.0016835862437765262,0.04301990383506376
ENSG00000184564.11_5,208.36491226696413,3.8836460498870617,0.7698007253431407,5.045001806351788,4.5351708354440513e-07,3.251617202680414e-05
ENSG00000100448.4_3,18.728069369655884,2.5590308397709913,0.6878337307357978,3.7204206851465607,0.0001988911989133477,0.007421795492954475
ENSG00000258175.1_6,7.684452947055835,3.3919907136659955,0.9807270622655624,3.458649041283933,0.0005428918116058077,0.017257217815325788
ENSG00000206596.1,1009.3931082457062,4.041732482885127,0.720430661252608,5.610161671711464,2.021376866090906e-08,1.8093803168527218e-06
ENSG00000206588.1,146.94453455986013,3.2153390406999955,0.7325184801713949,4.389430611972642,1.1364783286162177e-05,0.0006164233105455363
ENSG00000165379.13_5,23.05887490694932,3.45983738611927,0.6393465706480552,5.411520988706181,6.249166811323413e-08,5.1513258960799015e-06
ENSG00000125384.7_3,144.9488777953961,1.63490890502695,0.3759199105537302,4.349088354002661,1.367046311161144e-05,0.000723988718802057
ENSG00000237356.7_8,97.03112742234666,1.3483375588128197,0.4313178497945385,3.126088010164917,0.0017714852720701066,0.04479460189941579
ENSG00000286730.1_1,9.471745997817893,2.6580527395183107,0.7036671840504478,3.777428875136726,0.0001584557360283135,0.0060681060801078945
ENSG00000179841.8_3,290.57939701857237,1.1283611222154395,0.3417278652312909,3.3019289236238705,0.0009602239867210809,0.02733687429903206
ENSG00000021645.18_5,437.32048242770304,1.518701219360893,0.454305697089984,3.342905953169425,0.000829059924137059,0.02439278309192544
ENSG00000211448.12_6,509.78247005883287,3.517342906473139,0.44120203627973054,7.9721819421592075,1.5589706063536242e-15,2.973354330980726e-13
ENSG00000119714.11_5,342.414531623693,1.3037230105095023,0.3785336966956596,3.4441399058792204,0.0005728791791617645,0.018033643287075997
ENSG00000279286.2_5,29.82162866129333,2.6403898712083174,0.5225340913415223,5.0530480498019585,4.348144519033866e-07,3.1329186471586976e-05
ENSG00000133962.7_7,179.96038493381891,1.8850736279235165,0.4663391444940468,4.042280495172074,5.293385751824919e-05,0.002372754064884838
ENSG00000258774.1_2,10.39512498296549,2.371464120037375,0.7144251091674656,3.3194019773477605,0.0009021046936887134,0.026121884114164537
ENSG00000165929.13_4,2686.162830743424,0.8388924853042559,0.2710462202480871,3.0950163574921734,0.001968020431659003,0.04883401719068143
ENSG00000175785.13_3,27.506379555307678,4.217177252826534,0.8017665279598728,5.259856960550987,1.4416750437125102e-07,1.1309010604993213e-05
ENSG00000100628.11_2,126.68383003283104,1.3109238791717703,0.3278678313446526,3.9983302838689765,6.379089620822606e-05,0.002790827799478628
ENSG00000168398.6_4,879.8188757531717,0.9900350688494977,0.29157752932461123,3.3954436445865435,0.0006851747764124971,0.020963135630050186
ENSG00000211899.10_4,6420.579584385859,1.9532816287621357,0.604994399760526,3.228594561429494,0.001244001234562737,0.03358112860848773
ENSG00000211934.3_2,157.40768157787923,2.783676635319711,0.7957093188800769,3.4983587212948613,0.0004681310315058513,0.015229132252365938
ENSG00000211964.3_2,151.25045354593564,1.8827207740587573,0.5827905130562954,3.230527491234048,0.0012356202108514478,0.0334167130424987
ENSG00000211976.2_4,56.162903956957585,2.05071765797179,0.6026874935893087,3.402621889096668,0.0006674257695143272,0.020544463481221076
ENSG00000104044.16_5,138.71334221422575,1.6983011835290378,0.5217764189304377,3.2548446459314833,0.0011345440874581645,0.031149116472249275
ENSG00000198838.13_3,97.7435326947991,1.4473023139318302,0.4244729930165274,3.409645225357076,0.0006504743569572296,0.020128835854049752
ENSG00000159433.12_4,1213.3066804732023,0.9881332611774495,0.3118577926420541,3.1685379826683207,0.0015320772862352668,0.03995312537053738
ENSG00000140279.12_3,19747.911928092635,2.5633042103785884,0.5532631439141753,4.63306518530036,3.602910310605883e-06,0.00022041200371863788
ENSG00000140274.13_2,2025.1115185806032,3.368111173703133,0.6382783489439483,5.276868907234249,1.3140982164319158e-07,1.0420298927635797e-05
ENSG00000140254.12_4,120.23256000746937,2.370753211215788,0.5640078099234913,4.2034049342993764,2.6292960736426268e-05,0.0013048552504245831
ENSG00000259354.5_7,147.92884582023356,1.364705073388675,0.41863586184251944,3.2598857331100883,0.0011145710770562893,0.030739693074546853
ENSG00000140287.11_3,85.91935935899748,2.0608589420498866,0.4992454832891478,4.127947094227991,3.6601629666743324e-05,0.0017452159400412367
ENSG00000103742.12_3,346.70685263764847,2.1803116589082063,0.3217023325822708,6.777419490269385,1.2234128482477136e-11,1.6009152611980506e-09
ENSG00000245750.9_5,179.26321861911615,2.532852970612067,0.6180425029500108,4.098185737263011,4.164010945322396e-05,0.001956682824403427
ENSG00000159556.10_3,14.273489600733887,1.9714841304364912,0.559232750036411,3.5253374025539994,0.0004229437278609577,0.014008990831680598
ENSG00000080644.16_6,87.38028321148913,2.3581385852274024,0.5196323429799924,4.538090473167869,5.676590695351452e-06,0.00033129718616210145
ENSG00000273540.4_4,12.876891619174026,3.1876678936761067,0.7322390411669292,4.353315945290346,1.3409367966504807e-05,0.000711452302964685
ENSG00000258676.5_6,16.084455785774118,3.0495175361654727,0.6985904456753856,4.365243691841863,1.2698111564784959e-05,0.0006824007248102945
ENSG00000260337.4_7,20.0321072636018,2.7988685469406125,0.7997212745358628,3.49980503965585,0.00046559855122834835,0.015180593657423946
ENSG00000182175.14_4,216.47908896582967,2.2480394557670977,0.4375548507437709,5.13773176539079,2.780744110403763e-07,2.1021993234635286e-05
ENSG00000182253.14_2,490.5847710252673,1.535241662702638,0.3657984431403277,4.196960625427506,2.7052094277227902e-05,0.0013379782425487921
ENSG00000259583.3_6,229.30582198767726,0.7002393363191548,0.19811684365658883,3.53447654119169,0.0004085837024330152,0.013610594772486091
ENSG00000188536.13_3,269.5365632247602,1.8996469559209672,0.48840297923807713,3.8895073057999605,0.0001004479449513919,0.004122604052920628
ENSG00000261294.1_6,9.639366087286021,4.214631615675755,0.8825891674302931,4.7753040386240935,1.7943594742068538e-06,0.00011533304805469206
ENSG00000116176.6_2,95.36556361746688,3.8350713715934197,0.5601516202005685,6.846488045897697,7.568496687576208e-12,1.0177709762219416e-09
ENSG00000277010.1_6,9.930754059034504,2.818295496751273,0.7867345460446261,3.582269916734291,0.00034062158124647087,0.011638967637416004
ENSG00000197253.13_2,245.2137891742217,1.8903858586793185,0.4824408072338124,3.918378856710504,8.914651358228441e-05,0.0037322588419578784
ENSG00000172236.17_3,415.2705413278085,1.7956758232519199,0.487973689768587,3.679861969819495,0.00023336023219194948,0.00850147932034117
ENSG00000078328.20_4,49.65712204518353,2.615506644858276,0.7941536542487115,3.2934516272327783,0.0009896536904565568,0.028010751058402315
ENSG00000260338.2_6,22.99707150223265,3.564744097089927,1.084629762151942,3.2865999269809394,0.0010140478848582376,0.0286456256805888
ENSG00000278975.1_6,6.763664633055102,4.635377987042251,1.2667033854547551,3.6594028564770267,0.00025280365259661554,0.009107485662249183
ENSG00000133392.18_5,4579.429508167062,1.3261657107377676,0.39597711953858733,3.3490968172178315,0.000810754594797385,0.02406778212694048
ENSG00000280429.1_3,14.540388099497955,2.410081807384171,0.7438301560581555,3.2400969330903835,0.001194890721852952,0.03246474416623899
ENSG00000260908.1_6,35.32884574452498,1.6153847908213923,0.342007258852083,4.723247092015789,2.321085561677119e-06,0.00014597327106745693
ENSG00000174992.7_2,643.598103423105,3.8250747964965353,0.6418645851185527,5.959317409278846,2.5329369701066832e-09,2.4970822204284837e-07
ENSG00000285367.1_3,4.813232801993399,3.118132326702859,0.8175289360221187,3.8140941431074875,0.00013668336020064193,0.005339433914343952
ENSG00000087245.13_5,7711.262667895536,2.124748956695441,0.4647845294454199,4.571470911974388,4.843125266981604e-06,0.00028608752715747
ENSG00000261742.6_5,5.523762208607007,2.514339885194201,0.7984424917473484,3.149055706807016,0.0016379896796355155,0.042150067761414445
ENSG00000168748.14_3,56.75011802450508,2.4678087160015547,0.5922396069669693,4.16690928295039,3.087572955967881e-05,0.0014966522662474872
ENSG00000260459.2_4,95.44320654080556,0.965760160263498,0.2926163631140968,3.300431151510585,0.0009653639646089861,0.02741190386214496
ENSG00000261008.7_7,186.14296106726792,1.3136790659924646,0.36354284425203204,3.613546757316272,0.0003020368576730638,0.01058421096772661
ENSG00000140873.16_4,34.35095695485251,2.1121607705377907,0.5755753901003463,3.669650938636474,0.0002428818938013174,0.008793469656347697
ENSG00000171724.3_5,109.75357110793811,1.5351550967861303,0.39845371535721447,3.85278148406738,0.00011678360372682103,0.004664052851880531
ENSG00000268505.1_6,7.045424101875903,3.2033100398235588,0.6167784132192499,5.1936156829873665,2.0624868324504716e-07,1.5755347711449532e-05
ENSG00000268754.4_5,13.805078731236481,1.6880235324558186,0.498791631051022,3.3842258517828836,0.0007137926159524709,0.021697064923030265
ENSG00000268388.6_3,643.461081487062,4.091569106979223,0.31086956612756833,13.161690795104104,1.4578648659811325e-39,1.933725211554338e-36
ENSG00000103241.7_3,629.8130464524276,2.173485509709652,0.26796504291876505,8.111078542317758,5.017241015512754e-16,1.0167229866227617e-13
ENSG00000129993.14_3,215.82916007341794,1.2160226742222986,0.3783362422826689,3.214132135175576,0.001308394479119629,0.034963607413177555
ENSG00000074370.18_4,7350.9384307514865,1.0781905767625928,0.322389291101314,3.344374662940528,0.000824682835121463,0.0243081513249287
ENSG00000065325.13_4,87.58840981518011,1.857837683042732,0.5406327360291129,3.436413593243248,0.0005894703478929728,0.018479595578816975
ENSG00000006788.14_4,5.174430883739378,2.8952954413367524,0.9277021991089367,3.120931958679952,0.001802796832895028,0.04542954609733144
ENSG00000141052.17_2,201.92783333886962,2.045111017872469,0.3564755072144384,5.737030950185953,9.635065503409891e-09,8.841536052044152e-07
ENSG00000240505.8_3,32.33329080917025,1.8007608247250078,0.5831915328225256,3.08776915194516,0.0020166505969161914,0.049871085651365575
ENSG00000264940.4_2,93.57884902103835,2.2496336425826486,0.5773572363735304,3.896432747102892,9.7619898490901e-05,0.0040349097136869435
ENSG00000182271.12_3,48.57500658631495,4.210334997184666,0.9884444554531263,4.259556491977638,2.0483292663479507e-05,0.0010431465326579327
ENSG00000141314.13_5,35.395195483703816,2.4656226681152233,0.6029326187102153,4.089383442862401,4.32521343382622e-05,0.002016198933106756
ENSG00000172156.3_2,48.804619341656355,2.4998632549339934,0.6514186099454843,3.8375680657069364,0.00012425879840881327,0.004913273707815149
ENSG00000108342.12_2,75.09210850830635,4.722635553797635,0.5513281349279648,8.565925180681525,1.0721148731852288e-17,2.3701048571528913e-15
ENSG00000108797.12_3,414.5955820316183,0.8878110984238824,0.2757136650320931,3.220047502253982,0.0012816935687387028,0.03434516729839814
ENSG00000005102.13_3,85.91444421550548,1.5911205280519798,0.4023913402131772,3.954161953905476,7.680337503716597e-05,0.0032741435249664342
ENSG00000131096.10_3,9.152800609875486,5.075121026675475,1.2946658650913467,3.9200238173556796,8.854021794083265e-05,0.0037175425895416363
ENSG00000267405.1_6,5.556511488212911,3.4881199861562835,0.7954831344913699,4.384907529669475,1.1603505888616616e-05,0.0006282039060031937
ENSG00000170703.15_2,163.81525107261052,2.051031863312709,0.5369267602200941,3.81994717952214,0.00013348025567692777,0.0052353324474575655
ENSG00000167080.8_2,323.7619108951736,4.097619926244074,0.8907003875165753,4.600447000667573,4.215852784337936e-06,0.00025313333353861177
ENSG00000183034.12_2,7.1427284655757655,4.091080716540334,1.0058025302859377,4.0674790461874135,4.752448043031483e-05,0.0021770986867143127
ENSG00000265179.7_7,3.685210657816619,4.175854739161676,0.8654342098823201,4.825155617235769,1.3989399494277388e-06,9.194249248705145e-05
ENSG00000141433.13_3,27.34152707020722,4.681226737859709,0.6107625392614969,7.664560998649345,1.794439095370411e-14,3.062194575555787e-12
ENSG00000088756.12_3,121.82371630361692,2.396378171337718,0.4127825937090998,5.805424472492455,6.420314131808663e-09,6.004845726932968e-07
ENSG00000287834.1_1,5.665019740747953,3.821529213107941,0.8617642540085491,4.434541343913796,9.226851238488744e-06,0.0005099408067998864
ENSG00000167210.17_5,19.691523951774,2.1102086638133715,0.43780290012076506,4.819996996893543,1.4356038242722112e-06,9.371891542748859e-05
ENSG00000267013.6_5,6.730104443364332,2.3882999933512634,0.6852520213595226,3.4852870460899004,0.0004916093593831877,0.015816596158942448
ENSG00000267287.1_6,10.679856687447678,2.546481035095291,0.643897583734801,3.954792034355728,7.660125383464136e-05,0.0032727689431166465
ENSG00000099866.15_5,81.5946450052549,1.6269487902263684,0.4843223334020498,3.3592272708097313,0.0007816075845557234,0.023345026535230875
ENSG00000080573.7_3,1208.588653701354,1.334851703004361,0.37018669500458773,3.605887842586612,0.0003110874855118715,0.010807792795864838
ENSG00000130300.9_3,3903.682445873276,1.2036789326054316,0.31823638095552853,3.7823423236252736,0.00015535950444008786,0.005965191709297636
ENSG00000198597.9_5,63.21908123316749,6.101388267000102,0.7073627918489013,8.625543126253962,6.378919203162889e-18,1.4542440724023146e-15
ENSG00000280061.1_6,8.52518131079217,5.419449256122142,0.972623609169908,5.5719902385953874,2.5184553554942473e-08,2.1937625590650037e-06
ENSG00000205786.8_6,4.471456431088254,2.7894980399730964,0.9036375312455996,3.08696567320303,0.0020221094616011603,0.04996373937255162
ENSG00000233214.1_3,11.275295064371706,4.188457910384036,0.848814631914648,4.934478922607927,8.036502323161053e-07,5.5309710917962894e-05
ENSG00000232680.2_6,32.93998538582777,4.678706348004312,0.7229529086077728,6.4716612829103,9.693121891944626e-11,1.1640123042338935e-08
ENSG00000275395.6_5,75165.33769487,3.686227922975595,0.7182217779024277,5.132436855007729,2.8601469833786974e-07,2.1510811629374683e-05
ENSG00000007306.15_3,8045.885159482239,2.8582681134889114,0.6908423807356479,4.137366486470136,3.513147463042758e-05,0.0016833687375870396
ENSG00000204936.10_3,254.55922653977274,3.5481407820305866,0.6310968205194042,5.6221813621409185,1.8856114990089808e-08,1.6930470508486484e-06
ENSG00000142515.15_4,30.016874158424688,2.3837272499914848,0.7687525163129162,3.1007732650089985,0.0019301602437790228,0.048058025660166946
ENSG00000095752.7_5,71.39794109719341,1.8757969987193268,0.5995513826767268,3.1286676220222165,0.001756008206256297,0.04455832649283914
ENSG00000101298.15_5,294.07534869549215,1.0769524881033223,0.3284411705127305,3.27898139694877,0.001041825035048105,0.029204127135195726
ENSG00000149451.17_3,240.83732306761905,2.4250941694554635,0.5430056016602949,4.466057370385299,7.967425263046654e-06,0.00044539738812445287
ENSG00000125845.7_4,930.890343957231,1.0597017052460045,0.34007061267334826,3.1161225514769524,0.0018324610067137264,0.04601811070302345
ENSG00000125851.10_3,7.35769627786392,3.431590457755866,0.9424682777560603,3.6410673321824705,0.0002715101109206711,0.009662117739970858
ENSG00000278041.1_6,21.326358774060882,2.8883589909931113,0.9101624602100844,3.17345431971169,0.001506366039811469,0.03938823244421011
ENSG00000101463.6_3,86.37671537897921,2.208325392824089,0.6023263193408352,3.6663272414209014,0.0002460590148591991,0.008897457388607543
ENSG00000227964.1_5,16.272623336748477,2.4804253083481806,0.7340833952999357,3.3789421259620167,0.0007276532456393732,0.022003781721246167
ENSG00000064787.13_4,2273.7260052743054,1.5972851971432722,0.49049690467904267,3.2564633576810396,0.0011280949002980404,0.031055601212827466
ENSG00000243064.8_2,23.513233688629573,1.9559228442425622,0.6121521424377264,3.195158047562557,0.00139754285532319,0.036973434325644615
ENSG00000229425.3_6,16.046417714293774,1.6660622171732897,0.5348744593380778,3.1148659056091192,0.0018402854963884656,0.04617486764412022
ENSG00000154645.14_4,7.497895436905348,2.4016011684511134,0.6543932160837496,3.6699664810457864,0.0002425822755744993,0.008793469656347697
ENSG00000156284.5_2,22.282806028067608,4.906136780557078,1.080497042544961,4.540629531943329,5.608650807849797e-06,0.00032798805455684356
ENSG00000184809.13_5,97.96704538054236,3.0305646926234804,0.6724394319092003,4.506821802551131,6.580585318850965e-06,0.00037726534418347745
ENSG00000237232.8_3,15.427388766118282,1.288165765867758,0.3957958981983449,3.2546213129834425,0.0011354365497484834,0.031149116472249275
ENSG00000225731.1_5,36.21179987294249,2.343119856256868,0.556302096272709,4.211955827518992,2.531690591921728e-05,0.001262859199365264
ENSG00000241717.1_2,54.23199761170856,2.64833503422289,0.5727156703960439,4.624170720510433,3.761000169878532e-06,0.00022912264291696335
ENSG00000211642.3_3,67.30873026653224,3.1281214881055988,0.8376348656764206,3.734469058399959,0.000188111615481896,0.007055636312824173
ENSG00000211644.3_4,347.90820212494526,1.9066849713093998,0.5693685371177133,3.348771221117202,0.0008117079066638463,0.024071593927192783
ENSG00000278196.3_3,150.19789863900814,2.0165274020739568,0.5853238832886072,3.4451479935249156,0.0005707468102384747,0.017985920809469688
ENSG00000222037.5_2,4.785468602532036,4.326818307566371,1.280394789249198,3.379284533095878,0.0007267474977411794,0.021999189555586468
ENSG00000128218.8_4,17.950632794325614,1.6051887144354053,0.5077182930542159,3.1615735268849137,0.0015691919690108498,0.04070274742018276
ENSG00000167037.18_3,223.12624055397507,1.4955559711145976,0.4056398103223527,3.6869062973037914,0.00022699689310336704,0.008321603439257983
ENSG00000100302.7_3,406.4328052413435,2.413978552621263,0.3547727567088681,6.804295163515643,1.0154515551381955e-11,1.3469041741130765e-09
ENSG00000159307.19_3,196.66413062509554,2.575742987909716,0.46634998277516776,5.52319734758414,3.3288547157715304e-08,2.8654663557796176e-06
ENSG00000077942.19_6,2051.226999691081,2.73608807579528,0.4887179854318115,5.598500888764679,2.1621329433107895e-08,1.911915194507641e-06
ENSG00000188263.10_2,28.19205384907822,2.5033895550165544,0.5560363309583335,4.502205010061016,6.7252062456928815e-06,0.00038480047736385095
ENSG00000050030.15_7,13.956253491773976,2.2732446829990107,0.6241428687020963,3.6421864239612605,0.0002703321806963364,0.009631945500488147
ENSG00000197565.15_4,80.10529599943386,3.664765016752633,0.6774562569719567,5.409596529720053,6.316689629852169e-08,5.192318875738483e-06
ENSG00000188153.13_5,411.72182487675195,1.8374952201353605,0.5331976262817699,3.4461804208489304,0.0005685706191318195,0.017936712688525
ENSG00000101938.14_3,121.37198571619345,3.8216532840845323,0.5419112033165224,7.052176188083641,1.7614096839519502e-12,2.5959442417879726e-10
ENSG00000123496.8_3,18.098527738428437,3.220584971243545,0.6639188069312228,4.85087172952637,1.2292002480249155e-06,8.236802236579716e-05
ENSG00000171388.12_3,332.12331352015264,1.8287454812059154,0.3985632333770643,4.588344654148805,4.467745879146795e-06,0.00026661205010098695
ENSG00000130032.16_4,23.509333584561794,1.836897874244864,0.45399751543119354,4.046052702513652,5.208851076532098e-05,0.0023384535886812794
